split,period,n_samples,fraud_count,fraud_rate,pr_auc,recall_at_fp_budget,psi_hour,psi_day_of_week,psi_is_weekend,psi_log_amt,psi_cat_misc_net,psi_cat_grocery_pos,psi_cat_entertainment,psi_cat_gas_transport,psi_cat_misc_pos,psi_cat_grocery_net,psi_cat_shopping_net,psi_cat_shopping_pos,psi_cat_food_dining,psi_cat_personal_care,psi_cat_health_fitness,psi_cat_travel,psi_cat_kids_pets,psi_cat_home,psi_gender_M,psi_age_at_txn,psi_haversine_km,psi_log_city_pop,ks_hour,ks_day_of_week,ks_is_weekend,ks_log_amt,ks_cat_misc_net,ks_cat_grocery_pos,ks_cat_entertainment,ks_cat_gas_transport,ks_cat_misc_pos,ks_cat_grocery_net,ks_cat_shopping_net,ks_cat_shopping_pos,ks_cat_food_dining,ks_cat_personal_care,ks_cat_health_fitness,ks_cat_travel,ks_cat_kids_pets,ks_cat_home,ks_gender_M,ks_age_at_txn,ks_haversine_km,ks_log_city_pop
train,2019-01,52525,506,0.009634,,,0.00019,0.086987,0.0,9.5e-05,0.0,0.0,0.0,0.0,0.0,0.0,0.0,0.0,0.0,0.0,0.0,0.0,0.0,0.0,0.0,0.004181,0.000244,9.9e-05,0.005148,0.099776,0.088083,0.003323,0.001664,0.001795,0.000329,0.001374,0.001249,0.000898,0.001252,0.000839,0.000726,0.001287,0.001471,0.000568,0.000814,0.001465,0.000367,0.024296,0.004227,0.003591
train,2019-02,49866,517,0.010368,,,0.00023,0.047773,0.0,0.000374,0.0,0.0,0.0,0.0,0.0,0.0,0.0,0.0,0.0,0.0,0.0,0.0,0.0,0.0,0.0,0.002471,0.000497,7.9e-05,0.004081,0.072645,0.069178,0.006045,0.00138,0.000346,0.000391,0.001761,8.6e-05,1.9e-05,0.000116,0.001307,0.000796,3.5e-05,0.00117,0.000546,0.001443,0.00276,0.002408,0.02124,0.005188,0.002316
train,2019-03,70939,494,0.006964,,,0.000189,0.032365,0.0,0.000181,0.0,0.0,0.0,0.0,0.0,0.0,0.0,0.0,0.0,0.0,0.0,0.0,0.0,0.0,0.0,0.002371,0.000104,0.000196,0.002774,0.079542,0.064495,0.005991,5.2e-05,0.000338,0.00071,0.001971,0.000378,0.000474,0.002672,0.000551,0.000207,0.001652,0.000306,0.001352,0.000817,0.000939,0.001107,0.019106,0.002347,0.005518
train,2019-04,68078,376,0.005523,,,9.1e-05,0.007707,0.0,0.000126,0.0,0.0,0.0,0.0,0.0,0.0,0.0,0.0,0.0,0.0,0.0,0.0,0.0,0.0,0.0,0.002158,0.000173,0.000101,0.001456,0.032355,0.002564,0.003576,0.001273,0.000907,0.000501,0.001361,0.000529,0.000891,0.00109,0.000316,0.000795,0.000205,0.000943,0.001817,0.000844,0.00101,0.001413,0.017235,0.003014,0.00312
train,2019-05,72532,408,0.005625,,,6.4e-05,0.025834,0.0,8.1e-05,0.0,0.0,0.0,0.0,0.0,0.0,0.0,0.0,0.0,0.0,0.0,0.0,0.0,0.0,0.0,0.00214,0.000106,9.1e-05,0.001698,0.053595,0.009507,0.001974,0.000564,0.002483,0.000126,0.001539,0.000905,0.000199,0.000383,0.000148,0.000799,0.000617,0.001597,4.4e-05,2e-06,0.000308,0.001965,0.014878,0.002423,0.002005
train,2019-06,86064,354,0.004113,,,6.3e-05,0.032409,0.0,4.7e-05,0.0,0.0,0.0,0.0,0.0,0.0,0.0,0.0,0.0,0.0,0.0,0.0,0.0,0.0,0.0,0.001728,0.0001,7e-05,0.002004,0.07633,0.07633,0.002148,0.000192,0.000218,0.000604,0.001481,0.000104,0.000439,0.003116,0.00049,0.000448,0.001954,0.000662,7.5e-05,0.000343,0.000319,0.000887,0.013271,0.002805,0.001974
train,2019-07,86596,331,0.003822,,,0.000115,0.009575,0.0,0.000105,0.0,0.0,0.0,0.0,0.0,0.0,0.0,0.0,0.0,0.0,0.0,0.0,0.0,0.0,0.0,0.000801,0.000128,0.0001,0.003325,0.026425,0.009792,0.003364,0.000283,0.000151,0.000941,0.000721,0.000178,0.00034,0.000603,0.000292,0.001675,0.000588,0.000708,0.000252,0.000187,0.0003,0.001615,0.007234,0.001857,0.003288
train,2019-08,87359,382,0.004373,,,8.7e-05,0.024652,0.0,0.000125,0.0,0.0,0.0,0.0,0.0,0.0,0.0,0.0,0.0,0.0,0.0,0.0,0.0,0.0,0.0,0.000519,2.8e-05,5.7e-05,0.002493,0.064855,0.028621,0.005849,0.000644,0.001645,0.001306,0.000858,0.00075,0.000685,0.001106,0.001721,0.001055,0.000395,2e-06,0.000469,0.000282,0.001184,0.000957,0.007401,0.001988,0.00202
train,2019-09,70652,418,0.005916,,,0.000165,0.025728,0.0,0.000166,0.0,0.0,0.0,0.0,0.0,0.0,0.0,0.0,0.0,0.0,0.0,0.0,0.0,0.0,0.0,8.7e-05,8e-05,0.000138,0.005686,0.046802,0.043086,0.005382,0.000576,0.00301,0.000758,0.00035,4.5e-05,0.000928,0.000965,0.00031,0.001197,0.001527,0.000938,0.000253,0.001062,0.000139,0.000292,0.004996,0.002735,0.004359
train,2019-10,68758,454,0.006603,,,0.000243,0.012727,0.0,0.000149,0.0,0.0,0.0,0.0,0.0,0.0,0.0,0.0,0.0,0.0,0.0,0.0,0.0,0.0,0.0,0.000627,7.5e-05,8.8e-05,0.003838,0.032504,0.004281,0.003228,0.000409,0.000728,0.000483,0.00178,0.000163,0.000613,5e-06,0.000703,0.001122,8e-06,0.000977,0.000305,0.000526,2.4e-05,0.001782,0.008799,0.002294,0.002538
train,2019-11,70421,388,0.00551,,,9.1e-05,0.030123,0.0,2.8e-05,0.0,0.0,0.0,0.0,0.0,0.0,0.0,0.0,0.0,0.0,0.0,0.0,0.0,0.0,0.0,0.000643,0.000113,0.000147,0.001873,0.075487,0.061112,0.001898,0.000853,9e-06,0.000977,4.6e-05,0.001392,2.2e-05,0.000604,0.001922,0.00102,0.000469,0.002556,0.000215,0.001366,0.001275,0.001578,0.006892,0.003444,0.003074
train,2019-12,141060,592,0.004197,,,7.5e-05,0.010795,0.0,5.1e-05,0.0,0.0,0.0,0.0,0.0,0.0,0.0,0.0,0.0,0.0,0.0,0.0,0.0,0.0,0.0,0.000866,8.8e-05,6.4e-05,0.00206,0.032054,0.029507,0.002479,0.000707,0.000745,0.000692,0.000125,0.000607,0.000358,0.000522,0.000622,0.000643,0.0002,0.000428,0.000464,0.000997,0.00058,0.000263,0.011775,0.002784,0.00268
train,2020-01,52202,343,0.006571,,,7.1e-05,0.024801,0.0,0.000165,0.0,0.0,0.0,0.0,0.0,0.0,0.0,0.0,0.0,0.0,0.0,0.0,0.0,0.0,0.0,0.000585,0.000102,0.000144,0.003163,0.054125,0.002952,0.003279,0.000476,0.000718,0.000807,0.000716,0.000368,0.000169,0.001017,0.000326,0.000557,7.2e-05,0.001181,0.000359,0.000759,0.000778,0.000573,0.011535,0.004575,0.004356
train,2020-02,47791,336,0.007031,,,0.000134,0.008866,0.0,0.000198,0.0,0.0,0.0,0.0,0.0,0.0,0.0,0.0,0.0,0.0,0.0,0.0,0.0,0.0,0.0,0.001041,0.000339,0.000217,0.002826,0.028528,0.022095,0.005398,0.000472,0.00176,0.001152,0.000554,3.8e-05,0.001879,0.000839,0.001043,0.001024,6.3e-05,6.7e-05,0.000627,0.000312,0.000159,0.000777,0.012571,0.007443,0.005896
train,2020-03,72850,444,0.006095,,,0.000223,0.073729,0.0,0.000171,0.0,0.0,0.0,0.0,0.0,0.0,0.0,0.0,0.0,0.0,0.0,0.0,0.0,0.0,0.0,0.002152,0.000275,0.000154,0.003603,0.115827,0.060361,0.00436,0.00031,0.001191,0.000715,0.000424,0.000922,0.001216,0.000176,0.002414,0.000529,0.000563,0.001333,5.2e-05,0.000473,0.001484,0.005372,0.016334,0.002785,0.002223
train,2020-04,66892,302,0.004515,,,0.000111,0.047026,0.0,0.000218,0.0,0.0,0.0,0.0,0.0,0.0,0.0,0.0,0.0,0.0,0.0,0.0,0.0,0.0,0.0,0.001929,0.0001,0.00019,0.002852,0.082997,0.076699,0.004854,0.000535,0.002061,0.001255,0.000642,0.00072,0.000355,0.00012,0.000855,0.00052,0.000911,8.6e-05,0.000618,1.8e-05,0.000177,0.001389,0.017286,0.002215,0.002912
train,2020-05,74343,527,0.007089,,,9.9e-05,0.027756,0.0,0.000184,0.0,0.0,0.0,0.0,0.0,0.0,0.0,0.0,0.0,0.0,0.0,0.0,0.0,0.0,0.0,0.002855,0.000114,5.9e-05,0.002033,0.037606,0.017435,0.003456,0.001298,0.001797,0.000724,0.00076,0.000997,0.001225,6e-05,0.000306,0.000804,0.000961,0.000467,0.000328,0.001067,0.001959,0.001399,0.022899,0.004239,0.003058
train,2020-06,57747,334,0.005784,,,0.000582,0.065441,0.0,0.000227,0.0,0.0,0.0,0.0,0.0,0.0,0.0,0.0,0.0,0.0,0.0,0.0,0.0,0.0,0.0,0.005152,0.00015,0.00021,0.010952,0.093459,0.089182,0.006304,0.001879,0.002664,0.000881,0.00221,0.000717,0.000672,0.000191,0.001282,0.002809,0.000171,0.000198,0.001454,0.001904,0.000777,0.001099,0.025665,0.003622,0.007336
val,2020-06,30058,133,0.004425,0.155146,0.0,0.003264,0.209001,0.0,0.000639,0.0,0.0,0.0,0.0,0.0,0.0,0.0,0.0,0.0,0.0,0.0,0.0,0.0,0.0,0.0,0.004684,0.000744,0.000282,0.026169,0.211902,0.088395,0.010037,0.00273,0.00722,0.000189,0.008449,8.2e-05,0.001384,0.00136,0.000251,0.003988,0.003864,0.001838,0.002396,0.005415,0.001068,0.003952,0.019974,0.005665,0.006083
val,2020-07,85848,321,0.003739,0.104341,0.0,8.3e-05,0.046774,0.0,0.000211,0.0,0.0,0.0,0.0,0.0,0.0,0.0,0.0,0.0,0.0,0.0,0.0,0.0,0.0,0.0,0.005462,5.8e-05,0.000146,0.003541,0.080054,0.080054,0.003407,0.000256,0.000799,0.000609,0.003161,0.001122,0.000958,0.000397,0.001904,0.000789,0.000294,0.000469,0.000336,0.000156,0.002038,0.000205,0.029093,0.002633,0.004567
val,2020-08,88759,415,0.004676,0.106473,0.0,9.3e-05,0.031167,0.0,0.00011,0.0,0.0,0.0,0.0,0.0,0.0,0.0,0.0,0.0,0.0,0.0,0.0,0.0,0.0,0.0,0.006326,0.000174,9e-05,0.001795,0.078666,0.028844,0.002705,0.000405,0.000216,0.00086,0.000144,0.001459,0.000577,0.000868,0.001063,0.001153,0.000659,0.001031,0.000127,0.000424,0.001491,0.000744,0.032008,0.003783,0.003367
val,2020-09,69533,340,0.00489,0.18937,0.0,0.000269,0.092883,0.0,0.000154,0.0,0.0,0.0,0.0,0.0,0.0,0.0,0.0,0.0,0.0,0.0,0.0,0.0,0.0,0.0,0.007904,0.000131,0.000171,0.003993,0.102522,0.081015,0.002573,0.000695,0.000216,0.000797,0.001871,0.002007,9.6e-05,9.1e-05,0.000452,0.000295,0.000587,0.000434,0.001163,0.001159,0.001581,0.001686,0.034082,0.002265,0.004059
val,2020-10,3661,12,0.003278,0.097817,0.0,0.005887,8.610289,0.0,0.002725,0.0,0.0,0.0,0.0,0.0,0.0,0.0,0.0,0.0,0.0,0.0,0.0,0.0,0.0,0.0,0.025257,0.005374,0.004155,0.021843,0.420755,0.331291,0.020968,0.001552,0.003257,0.000939,0.014279,0.005161,0.001003,0.00153,0.003389,0.001428,0.003618,0.000418,0.003105,0.005228,0.003933,5.7e-05,0.044715,0.024591,0.023726
test,2020-10,65687,372,0.005663,0.178411,0.0,0.000122,0.033258,0.0,0.00011,0.0,0.0,0.0,0.0,0.0,0.0,0.0,0.0,0.0,0.0,0.0,0.0,0.0,0.0,0.0,0.008751,0.000121,0.000155,0.002852,0.061927,0.040037,0.002337,0.00172,0.001031,0.001072,0.00211,0.000337,0.000251,0.001497,0.000645,4e-06,0.001513,0.000526,0.000213,0.001677,5.7e-05,0.002523,0.035195,0.001877,0.003209
test,2020-11,72635,294,0.004048,0.158275,0.0,5.7e-05,0.060631,0.0,0.000192,0.0,0.0,0.0,0.0,0.0,0.0,0.0,0.0,0.0,0.0,0.0,0.0,0.0,0.0,0.0,0.008643,0.000189,0.000177,0.002975,0.118727,0.061491,0.002931,0.001265,0.000561,1.8e-05,0.00029,0.000757,0.000605,0.000757,0.00053,0.000808,1.5e-05,0.001578,0.000111,0.001297,0.000447,0.002438,0.036097,0.004504,0.005271
test,2020-12,139538,258,0.001849,0.061797,0.0,0.000107,0.08338,0.0,0.000138,0.0,0.0,0.0,0.0,0.0,0.0,0.0,0.0,0.0,0.0,0.0,0.0,0.0,0.0,0.0,0.010567,1.6e-05,0.000136,0.003584,0.097071,0.086828,0.003356,0.000147,0.001318,0.000538,0.001089,0.001212,0.000364,0.000257,0.000729,0.002102,0.001321,0.000191,0.000294,7.8e-05,8.4e-05,0.000918,0.037184,0.001318,0.004284
