group_dimension,group_value,n_samples,n_fraud,fraud_rate,pr_auc,recall,precision,f1_score
category,entertainment,20140,15,0.000745,0.907967,0.866667,0.65,0.742857
category,food_dining,19364,20,0.001033,0.135802,0.0,0.0,0.0
category,gas_transport,28205,81,0.002872,0.996781,0.987654,0.952381,0.969697
category,grocery_net,9851,19,0.001929,0.721922,0.473684,0.818182,0.6
category,grocery_pos,26337,215,0.008163,0.995413,0.986047,0.990654,0.988345
category,health_fitness,18296,19,0.001038,0.121367,0.0,0.0,0.0
category,home,26334,27,0.001025,0.366293,0.444444,0.342857,0.387097
category,kids_pets,24195,27,0.001116,0.100267,0.0,0.0,0.0
category,misc_net,13787,115,0.008341,0.964122,0.956522,0.791367,0.866142
category,misc_pos,17161,30,0.001748,0.566634,0.3,1.0,0.461538
category,personal_care,19733,29,0.00147,0.090035,0.0,0.0,0.0
category,shopping_net,20713,224,0.010814,0.961344,0.910714,0.883117,0.896703
category,shopping_pos,25099,89,0.003546,0.898937,0.94382,0.770642,0.848485
category,travel,8645,14,0.001619,0.105096,0.0,0.0,0.0
amt_bucket,$0-10,72172,71,0.000984,0.709807,0.56338,1.0,0.720721
amt_bucket,$10-50,72275,135,0.001868,0.543199,0.377778,0.836066,0.520408
amt_bucket,$50-100,83508,9,0.000108,0.411112,0.222222,1.0,0.363636
amt_bucket,$100-500,46961,269,0.005728,0.926339,0.855019,0.888031,0.871212
amt_bucket,$500+,2944,440,0.149457,0.949281,0.931818,0.82996,0.877944
age_band,<25,22279,85,0.003815,0.876703,0.811765,0.821429,0.816568
age_band,25-35,56977,146,0.002562,0.847584,0.767123,0.761905,0.764505
age_band,35-50,95286,264,0.002771,0.742633,0.655303,0.748918,0.69899
age_band,50-65,57683,273,0.004733,0.939655,0.875458,0.952191,0.912214
age_band,65+,45635,156,0.003418,0.941281,0.897436,0.979021,0.936455
hour_of_day,Night(0-5),54508,320,0.005871,0.968341,0.921875,0.910494,0.916149
hour_of_day,Morning(6-11),54337,29,0.000534,0.920812,0.827586,0.857143,0.842105
hour_of_day,Afternoon(12-17),84598,46,0.000544,0.576081,0.565217,0.722222,0.634146
hour_of_day,Evening(18-23),84417,529,0.006267,0.833772,0.733459,0.82906,0.778335
distance_bucket,<10km,2211,8,0.003618,0.904018,0.875,0.875,0.875
distance_bucket,10-50km,54845,177,0.003227,0.889014,0.80226,0.876543,0.837758
distance_bucket,50-100km,155938,520,0.003335,0.867681,0.790385,0.852697,0.820359
distance_bucket,>100km,64866,219,0.003376,0.870149,0.789954,0.848039,0.817967
