Scenario,Policy,Retrains,Detection Delay,False Alarms,Loss Avoided,Retrain Cost,Net Benefit,Post PR-AUC
control,AdaptivePolicy(governed),0.0 ± 0.0,—,0.0 ± 0.0,$0.00 ± $0.00,$0.00 ± $0.00,$0.00 ± $0.00,0.6909 ± 0.0000
control,AdaptivePolicy(naive + recalibrated threshold),0.0 ± 0.0,—,0.0 ± 0.0,$0.00 ± $0.00,$0.00 ± $0.00,$0.00 ± $0.00,0.6909 ± 0.0000
control,AdaptivePolicy(naive),0.0 ± 0.0,—,0.0 ± 0.0,$0.00 ± $0.00,$0.00 ± $0.00,$0.00 ± $0.00,0.6909 ± 0.0000
control,FixedSchedule(naive),5.0 ± 0.0,—,5.0 ± 0.0,"$-112,620.00 ± $11,010.00","$1,000.00 ± $0.00","$-113,620.00 ± $11,010.00",0.6231 ± 0.0043
control,NeverRetrain,0.0 ± 0.0,—,0.0 ± 0.0,$0.00 ± $0.00,$0.00 ± $0.00,$0.00 ± $0.00,0.6909 ± 0.0000
control,ThresholdPolicy(naive),0.0 ± 0.0,—,0.0 ± 0.0,$0.00 ± $0.00,$0.00 ± $0.00,$0.00 ± $0.00,0.6909 ± 0.0000
covariate_shift,AdaptivePolicy(governed),5.5 ± 1.5,0.0 ± 0.0,0.0 ± 0.0,"$44,330.00 ± $3,565.00","$1,800.00 ± $0.00","$42,530.00 ± $3,565.00",0.3894 ± 0.0050
covariate_shift,AdaptivePolicy(naive + recalibrated threshold),9.0 ± 0.0,0.0 ± 0.0,0.0 ± 0.0,"$18,762.50 ± $3,542.50","$1,800.00 ± $0.00","$16,962.50 ± $3,542.50",0.3793 ± 0.0016
covariate_shift,AdaptivePolicy(naive),9.0 ± 0.0,0.0 ± 0.0,0.0 ± 0.0,"$7,365.00 ± $1,285.00","$1,800.00 ± $0.00","$5,565.00 ± $1,285.00",0.4494 ± 0.0067
covariate_shift,FixedSchedule(naive),5.0 ± 0.0,12.0 ± 0.0,2.0 ± 0.0,"$-50,227.50 ± $8,707.50","$1,000.00 ± $0.00","$-51,227.50 ± $8,707.50",0.3189 ± 0.0083
covariate_shift,NeverRetrain,0.0 ± 0.0,—,0.0 ± 0.0,$0.00 ± $0.00,$0.00 ± $0.00,$0.00 ± $0.00,0.0746 ± 0.0001
covariate_shift,ThresholdPolicy(naive),10.0 ± 0.0,3.0 ± 0.0,0.0 ± 0.0,"$11,982.50 ± $3,687.50","$2,000.00 ± $0.00","$9,982.50 ± $3,687.50",0.4468 ± 0.0017
fraud_rate_shift,AdaptivePolicy(governed),0.0 ± 0.0,1.0 ± 0.0,0.0 ± 0.0,$0.00 ± $0.00,$200.00 ± $0.00,$-200.00 ± $0.00,0.7481 ± 0.0006
fraud_rate_shift,AdaptivePolicy(naive + recalibrated threshold),1.0 ± 0.0,1.0 ± 0.0,0.0 ± 0.0,"$-39,377.50 ± $9,767.50",$200.00 ± $0.00,"$-39,577.50 ± $9,767.50",0.7128 ± 0.0002
fraud_rate_shift,AdaptivePolicy(naive),1.0 ± 0.0,1.0 ± 0.0,0.0 ± 0.0,"$-370,382.50 ± $7,742.50",$200.00 ± $0.00,"$-370,582.50 ± $7,742.50",0.7130 ± 0.0019
fraud_rate_shift,FixedSchedule(naive),5.0 ± 0.0,12.0 ± 0.0,2.0 ± 0.0,"$-467,592.50 ± $9,512.50","$1,000.00 ± $0.00","$-468,592.50 ± $9,512.50",0.7058 ± 0.0036
fraud_rate_shift,NeverRetrain,0.0 ± 0.0,—,0.0 ± 0.0,$0.00 ± $0.00,$0.00 ± $0.00,$0.00 ± $0.00,0.7481 ± 0.0006
fraud_rate_shift,ThresholdPolicy(naive),0.0 ± 0.0,—,0.0 ± 0.0,$0.00 ± $0.00,$0.00 ± $0.00,$0.00 ± $0.00,0.7481 ± 0.0006
novel_pattern,AdaptivePolicy(governed),1.0 ± 0.0,0.0 ± 0.0,0.0 ± 0.0,"$156,057.50 ± $2,517.50","$2,000.00 ± $0.00","$154,057.50 ± $2,517.50",0.6813 ± 0.0073
novel_pattern,AdaptivePolicy(naive + recalibrated threshold),10.0 ± 0.0,0.0 ± 0.0,0.0 ± 0.0,"$168,697.50 ± $1,302.50","$2,000.00 ± $0.00","$166,697.50 ± $1,302.50",0.7184 ± 0.0027
novel_pattern,AdaptivePolicy(naive),10.0 ± 0.0,0.0 ± 0.0,0.0 ± 0.0,"$151,392.50 ± $1,017.50","$2,000.00 ± $0.00","$149,392.50 ± $1,017.50",0.6932 ± 0.0023
novel_pattern,FixedSchedule(naive),5.0 ± 0.0,12.0 ± 0.0,2.0 ± 0.0,"$97,442.50 ± $2,997.50","$1,000.00 ± $0.00","$96,442.50 ± $2,997.50",0.6665 ± 0.0101
novel_pattern,NeverRetrain,0.0 ± 0.0,—,0.0 ± 0.0,$0.00 ± $0.00,$0.00 ± $0.00,$0.00 ± $0.00,0.3050 ± 0.0000
novel_pattern,ThresholdPolicy(naive),0.0 ± 0.0,—,0.0 ± 0.0,$0.00 ± $0.00,$0.00 ± $0.00,$0.00 ± $0.00,0.3050 ± 0.0000
